,Taxon,Node Type,l1,l2,l1/l2,Method
0,  ,internal,4.112,4.695,0.875825346,MD-Cat
1,  ,internal,7.324,9.827,0.745293579,MD-Cat
2,  ,internal,24.1,24.1,1,MD-Cat
3,  ,internal,4.77,13.998,0.340762966,MD-Cat
4,  ,internal,24.981,25.096,0.995417596,MD-Cat
5,  ,internal,0.913,0.677,1.34859675,MD-Cat
6,  ,internal,4.708,2.145,2.194871795,MD-Cat
7,  ,internal,7.46,7.46,1,MD-Cat
8,  ,internal,25.569,25.831,0.989857148,MD-Cat
9,  ,internal,22.74,22.74,1,MD-Cat
10,  ,internal,53.01,53.53,0.990285821,MD-Cat
11,  ,internal,0.4,0.815,0.490797546,MD-Cat
12,  ,internal,0.755,1.011,0.746785361,MD-Cat
13,  ,internal,1.54,2.426,0.634789777,MD-Cat
14,  ,internal,27.82,27.82,1,MD-Cat
15,  ,internal,53.161,54.299,0.979041971,MD-Cat
16,  ,internal,53.279,55.02,0.968356961,MD-Cat
17,  ,internal,60.282,62.724,0.961067534,MD-Cat
18,  ,internal,4.611,5.152,0.894992236,MD-Cat
19,  ,internal,5.618,6.248,0.899167734,MD-Cat
20,  ,internal,3.629,4.382,0.828160657,MD-Cat
21,  ,internal,11.074,11.056,1.001628075,MD-Cat
22,  ,internal,5.745,3.81,1.507874016,MD-Cat
23,  ,internal,10.108,6.503,1.554359526,MD-Cat
24,  ,internal,10.624,10.664,0.996249062,MD-Cat
25,  ,internal,11.37,11.37,1,MD-Cat
26,  ,internal,10.07,9.317,1.080820006,MD-Cat
27,  ,internal,10.327,9.969,1.035911325,MD-Cat
28,  ,internal,9.279,10.162,0.913107656,MD-Cat
29,  ,internal,10.537,10.986,0.959129802,MD-Cat
30,  ,internal,12.632,12.218,1.033884433,MD-Cat
31,  ,internal,14.327,13.854,1.034141764,MD-Cat
32,  ,internal,14.472,13.534,1.069306931,MD-Cat
33,  ,internal,15.15,14.598,1.037813399,MD-Cat
34,  ,internal,16.161,15.524,1.041033239,MD-Cat
35,  ,internal,1.589,2.062,0.770611057,MD-Cat
36,  ,internal,5.813,7.171,0.810626133,MD-Cat
37,  ,internal,1.239,2.093,0.591973244,MD-Cat
38,  ,internal,11.314,12.8,0.88390625,MD-Cat
39,  ,internal,18.191,18.477,0.984521297,MD-Cat
40,  ,internal,19.651,19.713,0.996854867,MD-Cat
41,  ,internal,17.865,16.676,1.071300072,MD-Cat
42,  ,internal,20.688,20.658,1.001452222,MD-Cat
43,  ,internal,6.863,8.855,0.775042349,MD-Cat
44,  ,internal,22.216,21.975,1.010967008,MD-Cat
45,  ,internal,1.535,3.206,0.478789769,MD-Cat
46,  ,internal,10.974,11.203,0.979559047,MD-Cat
47,  ,internal,16.659,17.426,0.955985309,MD-Cat
48,  ,internal,20.032,19.712,1.016233766,MD-Cat
49,  ,internal,22.671,22.071,1.027184994,MD-Cat
50,  ,internal,23.154,22.905,1.010870989,MD-Cat
51,  ,internal,24.864,24.008,1.035654782,MD-Cat
52,  ,internal,25.205,25.137,1.002705176,MD-Cat
53,  ,internal,8.615,11.494,0.749521489,MD-Cat
54,  ,internal,25.328,25.224,1.004123057,MD-Cat
55,  ,internal,20.086,22.158,0.906489755,MD-Cat
56,  ,internal,25.549,25.434,1.004521507,MD-Cat
57,  ,internal,25.776,25.65,1.004912281,MD-Cat
58,  ,internal,8.915,8.395,1.061941632,MD-Cat
59,  ,internal,11.795,12.405,0.95082628,MD-Cat
60,  ,internal,13.492,14.219,0.948871229,MD-Cat
61,  ,internal,11.906,10.281,1.158058555,MD-Cat
62,  ,internal,17.804,16.763,1.062101056,MD-Cat
63,  ,internal,23.681,20.339,1.164314863,MD-Cat
64,  ,internal,24.064,20.646,1.165552649,MD-Cat
65,  ,internal,5.627,5.877,0.95746129,MD-Cat
66,  ,internal,15.224,15.64,0.973401535,MD-Cat
67,  ,internal,16.37,16.704,0.980004789,MD-Cat
68,  ,internal,17.395,17.427,0.998163769,MD-Cat
69,  ,internal,24.115,21.375,1.128187135,MD-Cat
70,  ,internal,25.021,25.024,0.999880115,MD-Cat
71,  ,internal,23.184,13.898,1.668153691,MD-Cat
72,  ,internal,0.041,3.539,0.011585194,MD-Cat
73,  ,internal,24.281,18.52,1.311069114,MD-Cat
74,  ,internal,24.572,18.835,1.304592514,MD-Cat
75,  ,internal,24.732,19.521,1.266943292,MD-Cat
76,  ,internal,25.21,25.21,1,MD-Cat
77,  ,internal,25.419,25.444,0.99901745,MD-Cat
78,  ,internal,16.621,16.95,0.980589971,MD-Cat
79,  ,internal,25.51,25.634,0.995162675,MD-Cat
80,  ,internal,26.053,25.932,1.00466605,MD-Cat
81,  ,internal,1.913,2.859,0.669115075,MD-Cat
82,  ,internal,6.77,8.378,0.808068751,MD-Cat
83,  ,internal,16.993,18.021,0.942955441,MD-Cat
84,  ,internal,18.452,19.471,0.947665759,MD-Cat
85,  ,internal,19.846,20.543,0.966071168,MD-Cat
86,  ,internal,10.975,6.388,1.718065122,MD-Cat
87,  ,internal,18.216,18.954,0.961063628,MD-Cat
88,  ,internal,21.481,21.811,0.98487002,MD-Cat
89,  ,internal,15.037,14.489,1.037821796,MD-Cat
90,  ,internal,27.771,23.881,1.162891001,MD-Cat
91,  ,internal,15.506,12.647,1.226061517,MD-Cat
92,  ,internal,22.396,19.502,1.148395036,MD-Cat
93,  ,internal,24.327,21.196,1.14771655,MD-Cat
94,  ,internal,25.328,21.949,1.153947788,MD-Cat
95,  ,internal,12.035,1.971,6.106037544,MD-Cat
96,  ,internal,25.529,22.72,1.123635563,MD-Cat
97,  ,internal,27.971,24.816,1.127135719,MD-Cat
98,  ,internal,28.045,25.168,1.114311825,MD-Cat
99,  ,internal,23.651,22.197,1.065504347,MD-Cat
100,  ,internal,24.329,23.052,1.055396495,MD-Cat
101,  ,internal,10.862,10.659,1.019044939,MD-Cat
102,  ,internal,27.604,24.685,1.118249949,MD-Cat
103,  ,internal,28.149,25.232,1.115607166,MD-Cat
104,  ,internal,28.199,25.29,1.115025702,MD-Cat
105,  ,internal,28.408,25.437,1.116798365,MD-Cat
106,  ,internal,28.628,25.608,1.117931896,MD-Cat
107,  ,internal,26.666,24.092,1.106840445,MD-Cat
108,  ,internal,28.701,25.684,1.117466127,MD-Cat
109,  ,internal,6.403,6.188,1.034744667,MD-Cat
110,  ,internal,9.026,9.066,0.995587911,MD-Cat
111,  ,internal,23.8,23.403,1.016963637,MD-Cat
112,  ,internal,29.13,26.137,1.114511994,MD-Cat
113,  ,internal,29.259,26.248,1.114713502,MD-Cat
114,  ,internal,19.244,19.334,0.995344988,MD-Cat
115,  ,internal,28.809,25.469,1.131139817,MD-Cat
116,  ,internal,30.031,27.115,1.107541951,MD-Cat
117,  ,internal,27.411,24.44,1.121563011,MD-Cat
118,  ,internal,30.209,27.227,1.109523635,MD-Cat
119,  ,internal,30.314,27.389,1.106794699,MD-Cat
120,  ,internal,30.432,27.487,1.107141558,MD-Cat
121,  ,internal,15.729,15.003,1.048390322,MD-Cat
122,  ,internal,19.781,17.748,1.114548118,MD-Cat
123,  ,internal,23.611,20.406,1.157061649,MD-Cat
124,  ,internal,23.124,20.058,1.152856716,MD-Cat
125,  ,internal,24.499,21.211,1.155013908,MD-Cat
126,  ,internal,22.534,19.317,1.166537247,MD-Cat
127,  ,internal,24.899,21.575,1.154067207,MD-Cat
128,  ,internal,25.319,21.906,1.155802063,MD-Cat
129,  ,internal,28.902,22.425,1.288829431,MD-Cat
130,  ,internal,18.079,16.764,1.078441899,MD-Cat
131,  ,internal,19.176,17.638,1.087198095,MD-Cat
132,  ,internal,19.397,18.756,1.03417573,MD-Cat
133,  ,internal,19.52,19.52,1,MD-Cat
134,  ,internal,19.929,20.013,0.995802728,MD-Cat
135,  ,internal,28.962,22.716,1.27496038,MD-Cat
136,  ,internal,29.448,22.941,1.283640643,MD-Cat
137,  ,internal,0.477,0.783,0.609195402,MD-Cat
138,  ,internal,1.69,2.272,0.743838028,MD-Cat
139,  ,internal,10.241,7.316,1.399808639,MD-Cat
140,  ,internal,17.684,14.606,1.210735314,MD-Cat
141,  ,internal,18.291,15.849,1.154079122,MD-Cat
142,  ,internal,18.977,16.489,1.150888471,MD-Cat
143,  ,internal,19.431,16.766,1.158952642,MD-Cat
144,  ,internal,19.491,17.08,1.141159251,MD-Cat
145,  ,internal,20.358,17.639,1.15414706,MD-Cat
146,  ,internal,16.646,14.353,1.159757542,MD-Cat
147,  ,internal,20.398,18.049,1.130145714,MD-Cat
148,  ,internal,29.799,23.193,1.284827319,MD-Cat
149,  ,internal,29.884,23.717,1.260024455,MD-Cat
150,  ,internal,30.254,25.399,1.191149258,MD-Cat
151,  ,internal,30.82,27.858,1.106324934,MD-Cat
152,  ,internal,26.25,26.25,1,MD-Cat
153,  ,internal,31.04,28.077,1.105531218,MD-Cat
154,  ,internal,21.615,14.688,1.471609477,MD-Cat
155,  ,internal,22.093,22.084,1.000407535,MD-Cat
156,  ,internal,22.24,22.24,1,MD-Cat
157,  ,internal,25.301,24.825,1.01917422,MD-Cat
158,  ,internal,31.58,30.275,1.043104872,MD-Cat
159,  ,internal,22.186,27.032,0.820730985,MD-Cat
160,  ,internal,32.594,31.494,1.034927288,MD-Cat
161,  ,internal,26.77,26.77,1,MD-Cat
162,  ,internal,33.075,31.995,1.033755274,MD-Cat
163,  ,internal,16.537,16.583,0.997226075,MD-Cat
164,  ,internal,19.438,17.535,1.108525806,MD-Cat
165,  ,internal,20.089,17.61,1.140772288,MD-Cat
166,  ,internal,21.862,18.891,1.157270658,MD-Cat
167,  ,internal,23.799,19.841,1.199485913,MD-Cat
168,  ,internal,24.846,21.074,1.178988327,MD-Cat
169,  ,internal,24.922,21.531,1.157493846,MD-Cat
170,  ,internal,25.096,22.315,1.124624692,MD-Cat
171,  ,internal,6.562,6.974,0.94092343,MD-Cat
172,  ,internal,25.299,23.411,1.08064585,MD-Cat
173,  ,internal,8.7,7.107,1.224145209,MD-Cat
174,  ,internal,15.863,13.612,1.165368792,MD-Cat
175,  ,internal,18.753,15.451,1.213707851,MD-Cat
176,  ,internal,25.72,24.361,1.055785887,MD-Cat
177,  ,internal,30.601,27.931,1.095592711,MD-Cat
178,  ,internal,30.92,30.264,1.021675919,MD-Cat
179,  ,internal,7.25,15.873,0.456750457,MD-Cat
180,  ,internal,31.202,30.619,1.019040465,MD-Cat
181,  ,internal,32.467,32.199,1.00832324,MD-Cat
182,  ,internal,28.064,28.24,0.993767705,MD-Cat
183,  ,internal,26.895,24.281,1.107656192,MD-Cat
184,  ,internal,32.031,29.543,1.084216227,MD-Cat
185,  ,internal,16.805,20.316,0.827180547,MD-Cat
186,  ,internal,32.174,30.472,1.055854555,MD-Cat
187,  ,internal,33.084,32.91,1.005287147,MD-Cat
188,  ,internal,33.98,33.98,1,MD-Cat
189,  ,internal,38.153,38.498,0.991038496,MD-Cat
190,  ,internal,17.275,19.773,0.87366611,MD-Cat
191,  ,internal,20.99,23.012,0.9121328,MD-Cat
192,  ,internal,9.279,9.224,1.005962706,MD-Cat
193,  ,internal,23.303,25.73,0.90567431,MD-Cat
194,  ,internal,27.603,30.523,0.904334436,MD-Cat
195,  ,internal,56.68,56.68,1,MD-Cat
196,  ,internal,0.579,1.107,0.52303523,MD-Cat
197,  ,internal,25.097,20.49,1.224841386,MD-Cat
198,  ,internal,58.181,60.935,0.9548043,MD-Cat
199,  ,internal,4.741,9.658,0.490888383,MD-Cat
200,  ,internal,61.712,64.114,0.962535484,MD-Cat
201,  ,internal,11.883,10.481,1.133765862,MD-Cat
202,  ,internal,13.066,12.109,1.079032125,MD-Cat
203,  ,internal,22.339,21.344,1.046617316,MD-Cat
204,  ,internal,24.074,23.971,1.004296859,MD-Cat
205,  ,internal,24.066,25.987,0.926078424,MD-Cat
206,  ,internal,30.128,33.997,0.886195841,MD-Cat
207,  ,internal,50.061,52.767,0.948717949,MD-Cat
208,  ,internal,65.921,66.336,0.99374397,MD-Cat
209,  ,internal,32.187,30.659,1.049838547,MD-Cat
210,  ,internal,33.378,30.931,1.079111571,MD-Cat
211,  ,internal,39.478,39.357,1.003074421,MD-Cat
212,  ,internal,39.98,39.98,1,MD-Cat
213,  ,internal,41,40.794,1.005049762,MD-Cat
214,  ,internal,59.91,59.91,1,MD-Cat
215,  ,internal,60.178,60.235,0.999053706,MD-Cat
216,  ,internal,66.834,67.227,0.994154134,MD-Cat
217,  ,internal,27.493,27.624,0.995257747,MD-Cat
218,  ,internal,32.825,33.406,0.982607915,MD-Cat
219,  ,internal,62,62,1,MD-Cat
220,  ,internal,67.158,67.527,0.994535519,MD-Cat
221,  ,internal,18.843,20.975,0.898355185,MD-Cat
222,  ,internal,67.575,67.763,0.997225625,MD-Cat
223,  ,internal,67.752,67.864,0.99834964,MD-Cat
224,  ,internal,18.155,35.432,0.51238993,MD-Cat
225,  ,internal,67.99,67.99,1,MD-Cat
226,  ,internal,0.238,0.08,2.975,MD-Cat
227,  ,internal,3.182,3.399,0.936157693,MD-Cat
228,  ,internal,6.268,8.675,0.722536023,MD-Cat
229,  ,internal,7.097,9.48,0.748628692,MD-Cat
230,  ,internal,31.607,47.829,0.660833386,MD-Cat
231,  ,internal,55.83,55.83,1,MD-Cat
232,  ,internal,61.375,64.932,0.945219614,MD-Cat
233,  ,internal,0.569,2.219,0.256421812,MD-Cat
234,  ,internal,13.31,13.69,0.972242513,MD-Cat
235,  ,internal,35.574,52.119,0.682553387,MD-Cat
236,  ,internal,65.78,65.78,1,MD-Cat
237,  ,internal,68.102,68.058,1.000646507,MD-Cat
238,  ,internal,68.187,68.14,1.000689756,MD-Cat
239,  ,internal,1.111,1.399,0.79413867,MD-Cat
240,  ,internal,2.006,2.291,0.875600175,MD-Cat
241,  ,internal,3.134,3.459,0.906042209,MD-Cat
242,  ,internal,3.527,3.828,0.921368861,MD-Cat
243,  ,internal,12.301,11.41,1.078089395,MD-Cat
244,  ,internal,21.162,26.756,0.7909254,MD-Cat
245,  ,internal,23.396,30.022,0.779295184,MD-Cat
246,  ,internal,56.61,56.61,1,MD-Cat
247,  ,internal,33.58,33.516,1.001909536,MD-Cat
248,  ,internal,34.17,34.17,1,MD-Cat
249,  ,internal,35.4,35.4,1,MD-Cat
250,  ,internal,54.581,63.037,0.86585656,MD-Cat
251,  ,internal,11.885,13.602,0.873768563,MD-Cat
252,  ,internal,54.975,63.511,0.865598085,MD-Cat
253,  ,internal,64.081,64.06,1.000327818,MD-Cat
254,  ,internal,65.068,65.782,0.989145967,MD-Cat
255,  ,internal,12.107,13.483,0.897945561,MD-Cat
256,  ,internal,12.858,14.445,0.890134995,MD-Cat
257,  ,internal,22.181,31.992,0.693329582,MD-Cat
258,  ,internal,10.358,13.987,0.740544792,MD-Cat
259,  ,internal,23.401,33.116,0.706637275,MD-Cat
260,  ,internal,38.5,38.5,1,MD-Cat
261,  ,internal,12.5,12.5,1,MD-Cat
262,  ,internal,65.85,65.85,1,MD-Cat
263,  ,internal,65.967,66.235,0.995953801,MD-Cat
264,  ,internal,66.312,66.392,0.998795036,MD-Cat
265,  ,internal,26.841,29.801,0.900674474,MD-Cat
266,  ,internal,57.88,57.88,1,MD-Cat
267,  ,internal,66.745,67.175,0.993598809,MD-Cat
268,  ,internal,59.82,59.82,1,MD-Cat
269,  ,internal,10.422,13.685,0.761563756,MD-Cat
270,  ,internal,60.617,61.019,0.993411888,MD-Cat
271,  ,internal,61.02,61.02,1,MD-Cat
272,  ,internal,64.861,64.269,1.009211284,MD-Cat
273,  ,internal,15.186,19.445,0.780971972,MD-Cat
274,  ,internal,64.435,64.399,1.000559015,MD-Cat
275,  ,internal,65.047,65.066,0.999707989,MD-Cat
276,  ,internal,16.225,18.822,0.862023164,MD-Cat
277,  ,internal,18.221,20.947,0.869862033,MD-Cat
278,  ,internal,66.067,65.566,1.007641155,MD-Cat
279,  ,internal,68.404,67.731,1.009936366,MD-Cat
280,  ,internal,2.016,14.205,0.141921859,MD-Cat
281,  ,internal,21.7,21.7,1,MD-Cat
282,  ,internal,23.596,22.1,1.067692308,MD-Cat
283,  ,internal,24.985,25.392,0.98397133,MD-Cat
284,  ,internal,2.143,2.432,0.881167763,MD-Cat
285,  ,internal,2.643,3.005,0.87953411,MD-Cat
286,  ,internal,15.872,15.188,1.045035554,MD-Cat
287,  ,internal,16.273,15.777,1.031438169,MD-Cat
288,  ,internal,25.995,26.51,0.980573369,MD-Cat
289,  ,internal,21.451,20.99,1.021962839,MD-Cat
290,  ,internal,21.996,24.895,0.883550914,MD-Cat
291,  ,internal,33.876,33.706,1.005043612,MD-Cat
292,  ,internal,55.955,54.642,1.024029135,MD-Cat
293,  ,internal,18.017,17.769,1.013956891,MD-Cat
294,  ,internal,21.161,27.686,0.764321318,MD-Cat
295,  ,internal,24.882,24.523,1.014639318,MD-Cat
296,  ,internal,32.47,32.47,1,MD-Cat
297,  ,internal,13.581,13.166,1.031520583,MD-Cat
298,  ,internal,14.754,19.573,0.753793491,MD-Cat
299,  ,internal,37.897,37.848,1.001294652,MD-Cat
300,  ,internal,57.782,55.276,1.045336131,MD-Cat
301,  ,internal,18.222,25.767,0.707183607,MD-Cat
302,  ,internal,13.851,15.244,0.908619785,MD-Cat
303,  ,internal,23.301,31.119,0.748770847,MD-Cat
304,  ,internal,8.343,9.012,0.925765646,MD-Cat
305,  ,internal,29.864,46.828,0.637738105,MD-Cat
306,  ,internal,49.82,50.994,0.976977684,MD-Cat
307,  ,internal,60.026,57.922,1.036324713,MD-Cat
308,  ,internal,9.478,9.71,0.976107106,MD-Cat
309,  ,internal,19.944,14.379,1.387022741,MD-Cat
310,  ,internal,32.5,52.864,0.614785109,MD-Cat
311,  ,internal,12.759,16.2,0.787592593,MD-Cat
312,  ,internal,43.419,41.851,1.037466249,MD-Cat
313,  ,internal,60.76,60.76,1,MD-Cat
314,  ,internal,67.406,67.026,1.005669442,MD-Cat
315,  ,internal,68.089,67.688,1.005924241,MD-Cat
316,  ,internal,68.703,68.129,1.008425193,MD-Cat
317,  ,internal,68.743,68.547,1.002859352,MD-Cat
318,  ,internal,18.583,21.497,0.864446202,MD-Cat
319,  ,internal,27.427,28.972,0.946672649,MD-Cat
320,  ,internal,4.687,7.67,0.611082138,MD-Cat
321,  ,internal,44.515,37.11,1.199541902,MD-Cat
322,  ,internal,44.841,39.102,1.146769986,MD-Cat
323,  ,internal,53.087,50.661,1.047886935,MD-Cat
324,  ,internal,13.822,16.281,0.848965051,MD-Cat
325,  ,internal,16.595,18.472,0.898386748,MD-Cat
326,  ,internal,56.521,54.303,1.040844889,MD-Cat
327,  ,internal,18.644,15.034,1.240122389,MD-Cat
328,  ,internal,25.165,53.05,0.474363808,MD-Cat
329,  ,internal,56.68,56.68,1,MD-Cat
330,  ,internal,15.372,14.001,1.097921577,MD-Cat
331,  ,internal,21.84,23.435,0.931939407,MD-Cat
332,  ,internal,21.435,23.102,0.927841745,MD-Cat
333,  ,internal,22.554,24.114,0.93530729,MD-Cat
334,  ,internal,13.694,15.03,0.911111111,MD-Cat
335,  ,internal,15.252,16.524,0.92302106,MD-Cat
336,  ,internal,57.177,57.723,0.990541032,MD-Cat
337,  ,internal,57.731,59.832,0.964885011,MD-Cat
338,  ,internal,57.997,63.321,0.915920469,MD-Cat
339,  ,internal,68.881,68.661,1.003204148,MD-Cat
340,  ,internal,11.775,10.221,1.152039918,MD-Cat
341,  ,internal,36.28,36.28,1,MD-Cat
342,  ,internal,69.028,68.831,1.002862082,MD-Cat
343,  ,internal,0.84,1.771,0.4743083,MD-Cat
344,  ,internal,6.214,6.925,0.89732852,MD-Cat
345,  ,internal,7.478,8.149,0.917658608,MD-Cat
346,  ,internal,27.91,27.91,1,MD-Cat
347,  ,internal,45.727,46.319,0.987219068,MD-Cat
348,  ,internal,52.6,50.99,1.031574819,MD-Cat
349,  ,internal,13.277,17.076,0.77752401,MD-Cat
350,  ,internal,15.273,18.353,0.832180025,MD-Cat
351,  ,internal,24.062,23.044,1.044176358,MD-Cat
352,  ,internal,26.033,25.102,1.037088678,MD-Cat
353,  ,internal,8.411,7.379,1.139856349,MD-Cat
354,  ,internal,15.268,14.767,1.033926999,MD-Cat
355,  ,internal,32.398,31.977,1.013165713,MD-Cat
356,  ,internal,32.798,33.709,0.972974577,MD-Cat
357,  ,internal,54.21,52.977,1.023274251,MD-Cat
358,  ,internal,65.248,57.628,1.132227389,MD-Cat
359,  ,internal,67.74,67.74,1,MD-Cat
360,  ,internal,96.273,82.688,1.164292279,MD-Cat
361,  ,internal,127.281,103.06,1.235018436,MD-Cat
0,  ,internal,4.534,4.225,1.073136095,wLogDate
1,  ,internal,8.891,11.323,0.785215932,wLogDate
2,  ,internal,24.1,24.1,1,wLogDate
3,  ,internal,7.891,9.723,0.811580788,wLogDate
4,  ,internal,27.81,27.747,1.002270516,wLogDate
5,  ,internal,0.752,0.739,1.01759134,wLogDate
6,  ,internal,3.136,3.348,0.936678614,wLogDate
7,  ,internal,7.46,7.46,1,wLogDate
8,  ,internal,30.449,30.6,0.995065359,wLogDate
9,  ,internal,22.74,22.74,1,wLogDate
10,  ,internal,60.944,55.986,1.088557854,wLogDate
11,  ,internal,0.372,0.778,0.4781491,wLogDate
12,  ,internal,0.72,1.006,0.715705765,wLogDate
13,  ,internal,1.501,2.459,0.610410736,wLogDate
14,  ,internal,27.82,27.82,1,wLogDate
15,  ,internal,35.602,56.262,0.632789449,wLogDate
16,  ,internal,62.464,57.095,1.094036255,wLogDate
17,  ,internal,69.8,64.653,1.079609608,wLogDate
18,  ,internal,3.047,3.52,0.865625,wLogDate
19,  ,internal,3.784,4.405,0.859023837,wLogDate
20,  ,internal,3,4.025,0.745341615,wLogDate
21,  ,internal,10.126,10.123,1.000296355,wLogDate
22,  ,internal,4.09,4.407,0.928068981,wLogDate
23,  ,internal,6.803,7.154,0.950936539,wLogDate
24,  ,internal,8.827,9.165,0.963120567,wLogDate
25,  ,internal,11.37,11.37,1,wLogDate
26,  ,internal,8.193,8.146,1.005769703,wLogDate
27,  ,internal,8.42,8.722,0.965374914,wLogDate
28,  ,internal,8.326,9.113,0.913639855,wLogDate
29,  ,internal,9.392,9.875,0.951088608,wLogDate
30,  ,internal,11.231,11.388,0.986213558,wLogDate
31,  ,internal,13.061,13.165,0.992100266,wLogDate
32,  ,internal,13.047,12.848,1.015488792,wLogDate
33,  ,internal,13.658,13.769,0.991938412,wLogDate
34,  ,internal,14.397,14.479,0.994336625,wLogDate
35,  ,internal,1.471,1.846,0.796858072,wLogDate
36,  ,internal,5.519,6.041,0.913590465,wLogDate
37,  ,internal,1.156,1.968,0.587398374,wLogDate
38,  ,internal,10.101,10.254,0.985078994,wLogDate
39,  ,internal,16.191,16.527,0.979669632,wLogDate
40,  ,internal,17.541,17.762,0.987557707,wLogDate
41,  ,internal,15.703,15.695,1.000509716,wLogDate
42,  ,internal,18.515,18.719,0.989101982,wLogDate
43,  ,internal,6.888,8.211,0.83887468,wLogDate
44,  ,internal,19.876,19.982,0.994695226,wLogDate
45,  ,internal,1.484,3.11,0.477170418,wLogDate
46,  ,internal,9.959,8.632,1.153730306,wLogDate
47,  ,internal,14.903,15.12,0.985648148,wLogDate
48,  ,internal,17.745,17.869,0.993060608,wLogDate
49,  ,internal,20.107,19.892,1.010808365,wLogDate
50,  ,internal,20.523,20.629,0.994861603,wLogDate
51,  ,internal,21.582,21.661,0.996352892,wLogDate
52,  ,internal,22.733,22.707,1.001145021,wLogDate
53,  ,internal,8.754,10.013,0.874263458,wLogDate
54,  ,internal,23.216,23.061,1.006721304,wLogDate
55,  ,internal,19.046,18.489,1.030126021,wLogDate
56,  ,internal,24.001,23.832,1.007091306,wLogDate
57,  ,internal,24.806,24.633,1.007023099,wLogDate
58,  ,internal,7.145,7.162,0.997626361,wLogDate
59,  ,internal,11.237,11.188,1.004379693,wLogDate
60,  ,internal,12.586,12.713,0.990010226,wLogDate
61,  ,internal,10.181,9.59,1.061626694,wLogDate
62,  ,internal,15.453,15.547,0.993953817,wLogDate
63,  ,internal,19.154,19.27,0.99398028,wLogDate
64,  ,internal,20.863,20.562,1.014638654,wLogDate
65,  ,internal,5.303,5.423,0.977872027,wLogDate
66,  ,internal,13.654,13.934,0.979905268,wLogDate
67,  ,internal,14.725,14.875,0.989915966,wLogDate
68,  ,internal,15.664,15.495,1.010906744,wLogDate
69,  ,internal,21.118,21.172,0.997449462,wLogDate
70,  ,internal,24.412,24.47,0.997629751,wLogDate
71,  ,internal,15.791,15.687,1.006629693,wLogDate
72,  ,internal,0.023,3.176,0.007241814,wLogDate
73,  ,internal,20.92,21.145,0.989359187,wLogDate
74,  ,internal,22.378,22.605,0.989957974,wLogDate
75,  ,internal,23.161,23.137,1.0010373,wLogDate
76,  ,internal,25.21,25.21,1,wLogDate
77,  ,internal,25.365,25.366,0.999960577,wLogDate
78,  ,internal,18.267,16.218,1.126341102,wLogDate
79,  ,internal,25.426,25.483,0.997763215,wLogDate
80,  ,internal,25.764,25.661,1.004013873,wLogDate
81,  ,internal,1.774,2.629,0.674781286,wLogDate
82,  ,internal,6.436,7.402,0.869494731,wLogDate
83,  ,internal,13.994,15.518,0.901791468,wLogDate
84,  ,internal,15.22,16.843,0.903639494,wLogDate
85,  ,internal,16.374,17.829,0.918391385,wLogDate
86,  ,internal,9.598,7.583,1.265725966,wLogDate
87,  ,internal,14.855,16.514,0.899539784,wLogDate
88,  ,internal,17.646,18.893,0.933996718,wLogDate
89,  ,internal,12.073,12.448,0.969874679,wLogDate
90,  ,internal,20.463,21.183,0.96601048,wLogDate
91,  ,internal,11.444,11.735,0.975202386,wLogDate
92,  ,internal,16.603,17.491,0.949231033,wLogDate
93,  ,internal,18.195,19.028,0.956222409,wLogDate
94,  ,internal,18.938,19.683,0.962150079,wLogDate
95,  ,internal,11.261,10.394,1.083413508,wLogDate
96,  ,internal,19.883,20.343,0.977387799,wLogDate
97,  ,internal,21.446,21.922,0.978286653,wLogDate
98,  ,internal,21.78,22.194,0.98134631,wLogDate
99,  ,internal,18.764,18.762,1.000106598,wLogDate
100,  ,internal,19.31,19.618,0.984300133,wLogDate
101,  ,internal,10.67,9.408,1.134141156,wLogDate
102,  ,internal,21.761,21.954,0.991208891,wLogDate
103,  ,internal,22.224,22.463,0.989360281,wLogDate
104,  ,internal,22.449,22.706,0.988681406,wLogDate
105,  ,internal,23.205,23.243,0.998365099,wLogDate
106,  ,internal,23.988,23.849,1.005828337,wLogDate
107,  ,internal,22.22,21.923,1.013547416,wLogDate
108,  ,internal,24.288,24.146,1.005880891,wLogDate
109,  ,internal,6.232,6.155,1.012510154,wLogDate
110,  ,internal,8.677,8.759,0.990638201,wLogDate
111,  ,internal,22.105,22.099,1.000271505,wLogDate
112,  ,internal,25.575,25.453,1.004793148,wLogDate
113,  ,internal,26.042,25.845,1.007622364,wLogDate
114,  ,internal,18.356,17.978,1.021025698,wLogDate
115,  ,internal,26.145,26.023,1.00468816,wLogDate
116,  ,internal,27.251,26.982,1.009969609,wLogDate
117,  ,internal,24.923,24.522,1.016352663,wLogDate
118,  ,internal,27.655,27.233,1.015495906,wLogDate
119,  ,internal,27.925,27.565,1.01306004,wLogDate
120,  ,internal,28.223,27.792,1.01550806,wLogDate
121,  ,internal,14.924,14.746,1.01207107,wLogDate
122,  ,internal,17.827,18.083,0.985843057,wLogDate
123,  ,internal,20.891,21.253,0.982967111,wLogDate
124,  ,internal,20.37,20.791,0.979750854,wLogDate
125,  ,internal,21.585,21.918,0.984807008,wLogDate
126,  ,internal,19.542,19.935,0.980285929,wLogDate
127,  ,internal,21.897,22.224,0.985286177,wLogDate
128,  ,internal,22.236,22.503,0.988134915,wLogDate
129,  ,internal,23.02,22.958,1.002700584,wLogDate
130,  ,internal,16.58,16.952,0.978055687,wLogDate
131,  ,internal,17.542,17.78,0.986614173,wLogDate
132,  ,internal,18.793,18.816,0.998777636,wLogDate
133,  ,internal,19.52,19.52,1,wLogDate
134,  ,internal,19.84,19.942,0.994885167,wLogDate
135,  ,internal,23.34,23.212,1.005514389,wLogDate
136,  ,internal,23.709,23.406,1.012945399,wLogDate
137,  ,internal,0.445,0.726,0.612947658,wLogDate
138,  ,internal,1.74,2.177,0.799265044,wLogDate
139,  ,internal,7.41,7.507,0.987078727,wLogDate
140,  ,internal,16.227,15.938,1.018132764,wLogDate
141,  ,internal,17.395,17.119,1.016122437,wLogDate
142,  ,internal,18.013,17.722,1.016420269,wLogDate
143,  ,internal,18.391,17.96,1.023997773,wLogDate
144,  ,internal,18.434,18.242,1.010525162,wLogDate
145,  ,internal,19.273,18.755,1.027619302,wLogDate
146,  ,internal,16.352,15.941,1.025782573,wLogDate
147,  ,internal,19.511,19.138,1.01949002,wLogDate
148,  ,internal,23.977,23.621,1.015071335,wLogDate
149,  ,internal,24.42,24.07,1.014540922,wLogDate
150,  ,internal,26.217,25.576,1.025062559,wLogDate
151,  ,internal,28.952,28.409,1.019113661,wLogDate
152,  ,internal,26.25,26.25,1,wLogDate
153,  ,internal,29.417,28.827,1.020466923,wLogDate
154,  ,internal,18.938,18.888,1.002647183,wLogDate
155,  ,internal,21.464,21.45,1.000652681,wLogDate
156,  ,internal,22.24,22.24,1,wLogDate
157,  ,internal,25.59,24.966,1.024993992,wLogDate
158,  ,internal,30.359,29.753,1.020367694,wLogDate
159,  ,internal,28.058,27.179,1.032341146,wLogDate
160,  ,internal,31.83,31.231,1.019179661,wLogDate
161,  ,internal,26.77,26.77,1,wLogDate
162,  ,internal,32.684,32.013,1.020960235,wLogDate
163,  ,internal,19.824,17.103,1.159094896,wLogDate
164,  ,internal,20.754,17.886,1.160348876,wLogDate
165,  ,internal,21.294,18.256,1.166411043,wLogDate
166,  ,internal,22.753,19.275,1.180440986,wLogDate
167,  ,internal,23.737,19.839,1.196481678,wLogDate
168,  ,internal,24.853,20.915,1.188285919,wLogDate
169,  ,internal,25.287,21.274,1.188634013,wLogDate
170,  ,internal,26.255,21.865,1.200777498,wLogDate
171,  ,internal,8.316,6.648,1.250902527,wLogDate
172,  ,internal,27.399,22.637,1.210363564,wLogDate
173,  ,internal,5.989,6.529,0.917292081,wLogDate
174,  ,internal,15.135,14.155,1.069233486,wLogDate
175,  ,internal,17.247,16.393,1.052095407,wLogDate
176,  ,internal,22.73,22.507,1.009908029,wLogDate
177,  ,internal,23.378,23.316,1.002659118,wLogDate
178,  ,internal,24.749,24.55,1.008105906,wLogDate
179,  ,internal,9.711,11.086,0.875969692,wLogDate
180,  ,internal,25.904,25.901,1.000115826,wLogDate
181,  ,internal,29.523,30.082,0.981417459,wLogDate
182,  ,internal,26.527,24.158,1.098062754,wLogDate
183,  ,internal,23.327,20.866,1.117943065,wLogDate
184,  ,internal,27.608,25.091,1.100314854,wLogDate
185,  ,internal,21.098,18.908,1.11582399,wLogDate
186,  ,internal,28.334,25.729,1.101247619,wLogDate
187,  ,internal,31.672,31.947,0.991391993,wLogDate
188,  ,internal,33.98,33.98,1,wLogDate
189,  ,internal,37.951,38.332,0.990060524,wLogDate
190,  ,internal,17.575,16.535,1.062896885,wLogDate
191,  ,internal,21.312,20.495,1.039863381,wLogDate
192,  ,internal,9.706,10.644,0.911875235,wLogDate
193,  ,internal,24.329,23.776,1.023258748,wLogDate
194,  ,internal,30.392,30.346,1.001515851,wLogDate
195,  ,internal,56.68,56.68,1,wLogDate
196,  ,internal,0.536,1.017,0.527040315,wLogDate
197,  ,internal,19.097,29.784,0.641183186,wLogDate
198,  ,internal,58.184,57.657,1.009140261,wLogDate
199,  ,internal,4.787,7.196,0.665230684,wLogDate
200,  ,internal,59.748,58.306,1.024731589,wLogDate
201,  ,internal,13.646,13.149,1.037797551,wLogDate
202,  ,internal,15.054,14.778,1.018676411,wLogDate
203,  ,internal,28.693,26.397,1.086979581,wLogDate
204,  ,internal,30.331,28.581,1.061229488,wLogDate
205,  ,internal,27.972,27.923,1.001754826,wLogDate
206,  ,internal,37.558,38.609,0.972778368,wLogDate
207,  ,internal,47.797,47.523,1.005765629,wLogDate
208,  ,internal,60.042,61.138,0.982073342,wLogDate
209,  ,internal,29.885,26.917,1.110264888,wLogDate
210,  ,internal,30.83,28.409,1.085219473,wLogDate
211,  ,internal,37.588,37.239,1.009371895,wLogDate
212,  ,internal,39.98,39.98,1,wLogDate
213,  ,internal,42.437,40.657,1.043780899,wLogDate
214,  ,internal,59.91,59.91,1,wLogDate
215,  ,internal,60.949,61.176,0.996289395,wLogDate
216,  ,internal,64.309,65.091,0.98798605,wLogDate
217,  ,internal,24.252,25.199,0.962419144,wLogDate
218,  ,internal,36.005,35.989,1.00044458,wLogDate
219,  ,internal,62,62,1,wLogDate
220,  ,internal,65.528,66.275,0.988728782,wLogDate
221,  ,internal,16.788,20.268,0.82830077,wLogDate
222,  ,internal,66.666,67.097,0.993576464,wLogDate
223,  ,internal,67.243,67.496,0.99625163,wLogDate
224,  ,internal,17.651,21.15,0.834562648,wLogDate
225,  ,internal,67.99,67.99,1,wLogDate
226,  ,internal,0.221,0.438,0.50456621,wLogDate
227,  ,internal,2.831,3.519,0.804489912,wLogDate
228,  ,internal,5.325,7.824,0.68059816,wLogDate
229,  ,internal,6.217,8.601,0.722822928,wLogDate
230,  ,internal,20.478,20.747,0.98703427,wLogDate
231,  ,internal,55.83,55.83,1,wLogDate
232,  ,internal,63.784,64.745,0.985157155,wLogDate
233,  ,internal,0.538,2.331,0.230802231,wLogDate
234,  ,internal,19.811,18.18,1.089713971,wLogDate
235,  ,internal,53.186,55.119,0.964930423,wLogDate
236,  ,internal,65.78,65.78,1,wLogDate
237,  ,internal,68.403,68.222,1.002653103,wLogDate
238,  ,internal,68.782,68.529,1.003691868,wLogDate
239,  ,internal,1.065,1.326,0.803167421,wLogDate
240,  ,internal,1.939,2.164,0.896025878,wLogDate
241,  ,internal,3.222,3.29,0.979331307,wLogDate
242,  ,internal,3.598,3.624,0.992825607,wLogDate
243,  ,internal,11.082,12.988,0.853249153,wLogDate
244,  ,internal,18.942,25.373,0.746541599,wLogDate
245,  ,internal,21.481,27.793,0.772892455,wLogDate
246,  ,internal,56.61,56.61,1,wLogDate
247,  ,internal,33.651,33.5,1.004507463,wLogDate
248,  ,internal,34.17,34.17,1,wLogDate
249,  ,internal,35.4,35.4,1,wLogDate
250,  ,internal,57.699,57.89,0.996700639,wLogDate
251,  ,internal,17.353,17.29,1.003643725,wLogDate
252,  ,internal,58.101,58.388,0.995084606,wLogDate
253,  ,internal,59.303,59.085,1.0036896,wLogDate
254,  ,internal,60.552,59.71,1.014101491,wLogDate
255,  ,internal,11.872,11.894,0.998150328,wLogDate
256,  ,internal,12.581,12.832,0.980439526,wLogDate
257,  ,internal,23.213,23.676,0.980444332,wLogDate
258,  ,internal,10.883,9.809,1.109491284,wLogDate
259,  ,internal,24.42,24.922,0.979857154,wLogDate
260,  ,internal,38.5,38.5,1,wLogDate
261,  ,internal,12.5,12.5,1,wLogDate
262,  ,internal,65.85,65.85,1,wLogDate
263,  ,internal,66.347,66.163,1.002781011,wLogDate
264,  ,internal,67.892,66.954,1.014009619,wLogDate
265,  ,internal,24.781,26.103,0.94935448,wLogDate
266,  ,internal,57.88,57.88,1,wLogDate
267,  ,internal,69.901,68.005,1.027880303,wLogDate
268,  ,internal,59.82,59.82,1,wLogDate
269,  ,internal,9.287,12.313,0.754243482,wLogDate
270,  ,internal,60.548,60.606,0.999042999,wLogDate
271,  ,internal,61.02,61.02,1,wLogDate
272,  ,internal,65.194,64.962,1.003571319,wLogDate
273,  ,internal,12.624,14.816,0.852051836,wLogDate
274,  ,internal,65.548,64.979,1.008756675,wLogDate
275,  ,internal,66.151,65.685,1.007094466,wLogDate
276,  ,internal,15.734,15.772,0.997590667,wLogDate
277,  ,internal,17.56,17.799,0.986572279,wLogDate
278,  ,internal,66.983,66.187,1.012026531,wLogDate
279,  ,internal,70.544,68.693,1.026945977,wLogDate
280,  ,internal,2.084,3.066,0.679712981,wLogDate
281,  ,internal,21.7,21.7,1,wLogDate
282,  ,internal,22.925,23.172,0.989340583,wLogDate
283,  ,internal,24.49,26.342,0.929694025,wLogDate
284,  ,internal,1.723,2.245,0.767483296,wLogDate
285,  ,internal,2.116,2.767,0.764727141,wLogDate
286,  ,internal,20.33,14.768,1.376625135,wLogDate
287,  ,internal,20.729,15.382,1.347614094,wLogDate
288,  ,internal,25.292,27.18,0.93053716,wLogDate
289,  ,internal,20.679,21.255,0.972900494,wLogDate
290,  ,internal,24.168,25.598,0.944136261,wLogDate
291,  ,internal,28.381,31.684,0.895751799,wLogDate
292,  ,internal,40.666,42.965,0.94649133,wLogDate
293,  ,internal,23.661,17.986,1.315523185,wLogDate
294,  ,internal,28.081,27.959,1.004363532,wLogDate
295,  ,internal,25.988,24.9,1.043694779,wLogDate
296,  ,internal,32.47,32.47,1,wLogDate
297,  ,internal,18.123,13.336,1.358953209,wLogDate
298,  ,internal,19.397,20.56,0.943433852,wLogDate
299,  ,internal,34.968,37.807,0.924908086,wLogDate
300,  ,internal,43.431,46.521,0.933578384,wLogDate
301,  ,internal,16.24,16.399,0.990304287,wLogDate
302,  ,internal,16.318,13.774,1.184695804,wLogDate
303,  ,internal,21.369,22.301,0.958208152,wLogDate
304,  ,internal,6.909,8.739,0.790593889,wLogDate
305,  ,internal,27.026,39.326,0.687229823,wLogDate
306,  ,internal,31.197,45.003,0.693220452,wLogDate
307,  ,internal,46.837,49.898,0.938654856,wLogDate
308,  ,internal,11.731,11.071,1.059615211,wLogDate
309,  ,internal,17.749,17.53,1.012492869,wLogDate
310,  ,internal,57.563,56.995,1.009965786,wLogDate
311,  ,internal,12.354,14.763,0.836821784,wLogDate
312,  ,internal,43.34,42.209,1.026795233,wLogDate
313,  ,internal,60.76,60.76,1,wLogDate
314,  ,internal,69.653,68.208,1.021185198,wLogDate
315,  ,internal,70.258,68.825,1.020820923,wLogDate
316,  ,internal,70.789,69.238,1.022400994,wLogDate
317,  ,internal,71.019,69.848,1.016764975,wLogDate
318,  ,internal,22.488,20.573,1.093083167,wLogDate
319,  ,internal,28.507,28.213,1.010420728,wLogDate
320,  ,internal,5.04,8.409,0.599357831,wLogDate
321,  ,internal,37.11,38.119,0.973530261,wLogDate
322,  ,internal,34.769,34.658,1.003202724,wLogDate
323,  ,internal,41.937,42.848,0.978738798,wLogDate
324,  ,internal,11.257,11.969,0.940512992,wLogDate
325,  ,internal,13.677,14.067,0.972275538,wLogDate
326,  ,internal,55.799,55.827,0.999498451,wLogDate
327,  ,internal,16.163,15.648,1.032911554,wLogDate
328,  ,internal,23.175,23.709,0.977476908,wLogDate
329,  ,internal,56.68,56.68,1,wLogDate
330,  ,internal,14.201,12.436,1.141926665,wLogDate
331,  ,internal,20.174,20.37,0.990378007,wLogDate
332,  ,internal,19.762,19.928,0.991670012,wLogDate
333,  ,internal,20.811,20.957,0.993033354,wLogDate
334,  ,internal,13.083,13.058,1.001914535,wLogDate
335,  ,internal,14.421,14.531,0.992429977,wLogDate
336,  ,internal,52.943,54.261,0.975709994,wLogDate
337,  ,internal,56.473,56.412,1.00108133,wLogDate
338,  ,internal,58.128,57.465,1.011537458,wLogDate
339,  ,internal,71.69,70.376,1.018671138,wLogDate
340,  ,internal,9.386,10.56,0.888825758,wLogDate
341,  ,internal,36.28,36.28,1,wLogDate
342,  ,internal,72.479,71.217,1.017720488,wLogDate
343,  ,internal,0.785,1.743,0.45037292,wLogDate
344,  ,internal,6.335,7.121,0.889622244,wLogDate
345,  ,internal,7.56,8.412,0.89871612,wLogDate
346,  ,internal,27.91,27.91,1,wLogDate
347,  ,internal,56.78,54.842,1.03533788,wLogDate
348,  ,internal,61.763,60.119,1.027345764,wLogDate
349,  ,internal,16.742,15.208,1.100867964,wLogDate
350,  ,internal,18.473,16.925,1.091462334,wLogDate
351,  ,internal,26.11,24.205,1.078702747,wLogDate
352,  ,internal,27.736,25.835,1.07358235,wLogDate
353,  ,internal,6.57,6.05,1.085950413,wLogDate
354,  ,internal,15.545,14.774,1.052186273,wLogDate
355,  ,internal,35.905,33.502,1.071727061,wLogDate
356,  ,internal,37.895,35.455,1.068819631,wLogDate
357,  ,internal,51.263,52.274,0.980659601,wLogDate
358,  ,internal,56.498,57.389,0.984474377,wLogDate
359,  ,internal,67.74,67.74,1,wLogDate
360,  ,internal,89.508,87.448,1.023556857,wLogDate
361,  ,internal,112.319,107.932,1.040645962,wLogDate
0,  ,internal,5.668,4.985,1.137011033,TreePL
1,  ,internal,10.474,12.655,0.827657053,TreePL
2,  ,internal,24.552,25.239,0.972780221,TreePL
3,  ,internal,9.087,11.212,0.810470924,TreePL
4,  ,internal,28.338,28.976,0.977981778,TreePL
5,  ,internal,0.965,0.715,1.34965035,TreePL
6,  ,internal,4.176,4.209,0.992159658,TreePL
7,  ,internal,10.87,10.87,1,TreePL
8,  ,internal,30.447,31.445,0.968262045,TreePL
9,  ,internal,20.12,20.126,0.999701878,TreePL
10,  ,internal,67.027,67.406,0.994377355,TreePL
11,  ,internal,0.59,1.19,0.495798319,TreePL
12,  ,internal,1.16,1.532,0.757180157,TreePL
13,  ,internal,2.69,4.105,0.655298417,TreePL
14,  ,internal,23.108,23.103,1.000216422,TreePL
15,  ,internal,42.689,57.889,0.737428527,TreePL
16,  ,internal,68.248,68.329,0.998814559,TreePL
17,  ,internal,78.589,78.316,1.003485878,TreePL
18,  ,internal,4.407,4.952,0.889943457,TreePL
19,  ,internal,5.366,6.155,0.871811535,TreePL
20,  ,internal,4.215,5.681,0.74194684,TreePL
21,  ,internal,16.119,15.438,1.044111932,TreePL
22,  ,internal,6.325,6.722,0.940940196,TreePL
23,  ,internal,10.623,10.929,0.972001098,TreePL
24,  ,internal,13.736,13.843,0.992270462,TreePL
25,  ,internal,17.703,17.081,1.03641473,TreePL
26,  ,internal,11.958,11.488,1.040912256,TreePL
27,  ,internal,12.22,12.151,1.005678545,TreePL
28,  ,internal,12.505,12.832,0.974516833,TreePL
29,  ,internal,13.901,13.844,1.004117307,TreePL
30,  ,internal,16.401,15.782,1.039221898,TreePL
31,  ,internal,18.951,18.14,1.044707828,TreePL
32,  ,internal,18.749,17.526,1.069782038,TreePL
33,  ,internal,19.386,18.517,1.046929848,TreePL
34,  ,internal,19.987,19.09,1.046987952,TreePL
35,  ,internal,2.082,2.365,0.880338266,TreePL
36,  ,internal,7.632,7.8,0.978461538,TreePL
37,  ,internal,1.652,2.559,0.645564674,TreePL
38,  ,internal,13.743,13.067,1.051733374,TreePL
39,  ,internal,21.932,21.169,1.036043271,TreePL
40,  ,internal,23.459,22.171,1.058093906,TreePL
41,  ,internal,20.949,19.541,1.072053631,TreePL
42,  ,internal,24.381,22.997,1.060181763,TreePL
43,  ,internal,9.172,10.261,0.893869993,TreePL
44,  ,internal,25.715,23.951,1.07365037,TreePL
45,  ,internal,2.056,4.085,0.503304774,TreePL
46,  ,internal,13.5,11.085,1.217861976,TreePL
47,  ,internal,19.597,18.823,1.041119906,TreePL
48,  ,internal,22.882,21.66,1.056417359,TreePL
49,  ,internal,25.779,23.755,1.085203115,TreePL
50,  ,internal,26.323,24.469,1.075769341,TreePL
51,  ,internal,27.403,25.322,1.082181502,TreePL
52,  ,internal,28.695,26.316,1.090401277,TreePL
53,  ,internal,11.349,12.086,0.939020354,TreePL
54,  ,internal,29.216,26.532,1.101160862,TreePL
55,  ,internal,24.332,21.572,1.127943631,TreePL
56,  ,internal,30.265,27.284,1.109258173,TreePL
57,  ,internal,31.373,28.094,1.116715313,TreePL
58,  ,internal,9.959,9.671,1.029779754,TreePL
59,  ,internal,15.501,14.833,1.04503472,TreePL
60,  ,internal,17.155,16.56,1.035929952,TreePL
61,  ,internal,13.618,12.352,1.102493523,TreePL
62,  ,internal,20.364,19.609,1.038502728,TreePL
63,  ,internal,24.681,23.698,1.041480294,TreePL
64,  ,internal,26.246,24.712,1.062075105,TreePL
65,  ,internal,7.106,6.825,1.041172161,TreePL
66,  ,internal,17.75,17.209,1.031437039,TreePL
67,  ,internal,19.117,18.229,1.048713588,TreePL
68,  ,internal,20.194,18.874,1.06993748,TreePL
69,  ,internal,26.506,25.087,1.05656316,TreePL
70,  ,internal,30.984,28.235,1.097361431,TreePL
71,  ,internal,21.771,19.765,1.101492537,TreePL
72,  ,internal,0.029,3.748,0.00773746,TreePL
73,  ,internal,27.785,25.508,1.089266113,TreePL
74,  ,internal,29.127,26.703,1.090776317,TreePL
75,  ,internal,29.771,27.036,1.101161414,TreePL
76,  ,internal,31.599,28.686,1.101547793,TreePL
77,  ,internal,31.735,28.759,1.10348065,TreePL
78,  ,internal,23.546,19.273,1.221709127,TreePL
79,  ,internal,31.867,28.871,1.103771951,TreePL
80,  ,internal,32.63,29.156,1.119152147,TreePL
81,  ,internal,2.476,3.281,0.754647973,TreePL
82,  ,internal,8.854,9.083,0.974788066,TreePL
83,  ,internal,19.691,19.41,1.014477074,TreePL
84,  ,internal,21.047,20.792,1.012264332,TreePL
85,  ,internal,22.302,21.793,1.023356124,TreePL
86,  ,internal,13.05,9.503,1.373250552,TreePL
87,  ,internal,20.149,20.437,0.985907912,TreePL
88,  ,internal,23.793,22.803,1.04341534,TreePL
89,  ,internal,16.31,15.197,1.073238139,TreePL
90,  ,internal,26.989,24.913,1.083329988,TreePL
91,  ,internal,16.173,14.898,1.085581957,TreePL
92,  ,internal,22.891,21.575,1.060996524,TreePL
93,  ,internal,24.658,23.009,1.071667608,TreePL
94,  ,internal,25.346,23.551,1.07621757,TreePL
95,  ,internal,15.087,12.759,1.18245944,TreePL
96,  ,internal,26.371,24.115,1.093551731,TreePL
97,  ,internal,28.007,25.414,1.102030377,TreePL
98,  ,internal,28.257,25.621,1.102884353,TreePL
99,  ,internal,24.775,22.437,1.104202879,TreePL
100,  ,internal,25.347,23.306,1.087574015,TreePL
101,  ,internal,14.18,11.36,1.248239437,TreePL
102,  ,internal,28.063,25.32,1.108333333,TreePL
103,  ,internal,28.801,25.803,1.11618804,TreePL
104,  ,internal,28.993,26.126,1.109737426,TreePL
105,  ,internal,29.889,26.601,1.123604376,TreePL
106,  ,internal,30.745,27.207,1.130040063,TreePL
107,  ,internal,28.958,25.526,1.134451148,TreePL
108,  ,internal,30.996,27.473,1.128234994,TreePL
109,  ,internal,8.429,7.69,1.09609883,TreePL
110,  ,internal,11.577,10.62,1.090112994,TreePL
111,  ,internal,28.977,26.156,1.107852883,TreePL
112,  ,internal,32.687,29.098,1.12334181,TreePL
113,  ,internal,33.131,29.348,1.128901458,TreePL
114,  ,internal,24.702,22.139,1.115768553,TreePL
115,  ,internal,34.376,30.905,1.112311924,TreePL
116,  ,internal,35.435,31.756,1.115852122,TreePL
117,  ,internal,32.725,29.032,1.127204464,TreePL
118,  ,internal,35.971,31.978,1.124867096,TreePL
119,  ,internal,36.362,32.374,1.123185272,TreePL
120,  ,internal,36.789,32.702,1.124977066,TreePL
121,  ,internal,21.731,19.299,1.126016892,TreePL
122,  ,internal,25.163,22.856,1.100936297,TreePL
123,  ,internal,28.669,25.997,1.10278109,TreePL
124,  ,internal,27.626,25.049,1.102878358,TreePL
125,  ,internal,29.297,26.555,1.10325739,TreePL
126,  ,internal,26.255,23.883,1.099317506,TreePL
127,  ,internal,29.554,26.813,1.102226532,TreePL
128,  ,internal,29.887,27.074,1.103900421,TreePL
129,  ,internal,30.819,27.526,1.119632348,TreePL
130,  ,internal,22.226,19.936,1.114867576,TreePL
131,  ,internal,23.265,20.757,1.120826709,TreePL
132,  ,internal,24.591,21.735,1.131400966,TreePL
133,  ,internal,25.407,22.466,1.130908929,TreePL
134,  ,internal,25.826,23.007,1.122527926,TreePL
135,  ,internal,31.135,27.764,1.121416222,TreePL
136,  ,internal,31.549,27.993,1.127031758,TreePL
137,  ,internal,0.699,0.988,0.707489879,TreePL
138,  ,internal,2.784,2.952,0.943089431,TreePL
139,  ,internal,11.062,9.91,1.116246216,TreePL
140,  ,internal,23.32,20.494,1.137894018,TreePL
141,  ,internal,24.377,21.229,1.14828772,TreePL
142,  ,internal,25.47,22.175,1.148590755,TreePL
143,  ,internal,26.229,22.597,1.1607293,TreePL
144,  ,internal,26.307,22.937,1.146924184,TreePL
145,  ,internal,27.267,23.518,1.159409814,TreePL
146,  ,internal,23.498,20.455,1.148765583,TreePL
147,  ,internal,27.565,24.011,1.148015493,TreePL
148,  ,internal,31.865,28.259,1.127605365,TreePL
149,  ,internal,32.313,28.734,1.124556275,TreePL
150,  ,internal,34.502,30.518,1.130545907,TreePL
151,  ,internal,38.208,34.147,1.118926992,TreePL
152,  ,internal,37.082,33.267,1.11467821,TreePL
153,  ,internal,38.96,34.963,1.114320853,TreePL
154,  ,internal,30.395,27.243,1.115699446,TreePL
155,  ,internal,33.958,30.522,1.112574536,TreePL
156,  ,internal,34.879,31.378,1.111574989,TreePL
157,  ,internal,37.316,33.598,1.110661349,TreePL
158,  ,internal,40.624,37.105,1.09483897,TreePL
159,  ,internal,38.351,35.292,1.086676867,TreePL
160,  ,internal,42.865,40.031,1.070795134,TreePL
161,  ,internal,31.821,29.268,1.087228372,TreePL
162,  ,internal,43.843,41.155,1.065314057,TreePL
163,  ,internal,29.69,24.305,1.22155935,TreePL
164,  ,internal,30.793,25.135,1.225104436,TreePL
165,  ,internal,31.311,25.537,1.226103301,TreePL
166,  ,internal,33.021,26.646,1.239247917,TreePL
167,  ,internal,33.757,27.219,1.24019986,TreePL
168,  ,internal,35.469,28.558,1.241998739,TreePL
169,  ,internal,35.934,28.898,1.243477057,TreePL
170,  ,internal,37.02,29.492,1.255255663,TreePL
171,  ,internal,13.788,9.08,1.518502203,TreePL
172,  ,internal,38.254,30.315,1.261883556,TreePL
173,  ,internal,8.73,9.338,0.934889698,TreePL
174,  ,internal,23.258,21.078,1.103425372,TreePL
175,  ,internal,26.183,24.077,1.087469369,TreePL
176,  ,internal,35.098,33.866,1.036378669,TreePL
177,  ,internal,35.7,34.7,1.028818444,TreePL
178,  ,internal,37.073,36.032,1.028890986,TreePL
179,  ,internal,13.514,15.322,0.881999739,TreePL
180,  ,internal,38.079,37.296,1.020994208,TreePL
181,  ,internal,41.837,42.152,0.992527045,TreePL
182,  ,internal,39.092,35.392,1.1045434,TreePL
183,  ,internal,34.325,30.7,1.118078176,TreePL
184,  ,internal,40.083,36.25,1.105737931,TreePL
185,  ,internal,31.24,27.922,1.118831029,TreePL
186,  ,internal,40.69,36.766,1.106729043,TreePL
187,  ,internal,43.894,43.973,0.998203443,TreePL
188,  ,internal,45.73,45.73,1,TreePL
189,  ,internal,51.519,51.761,0.995324665,TreePL
190,  ,internal,24.897,22.788,1.09254871,TreePL
191,  ,internal,29.323,27.433,1.068895126,TreePL
192,  ,internal,13.587,14.268,0.952270816,TreePL
193,  ,internal,32.644,31.07,1.0506598,TreePL
194,  ,internal,39.95,39.264,1.017471475,TreePL
195,  ,internal,75.3,75.3,1,TreePL
196,  ,internal,0.845,1.348,0.626854599,TreePL
197,  ,internal,28.873,39.373,0.733319788,TreePL
198,  ,internal,76.886,76.569,1.004140057,TreePL
199,  ,internal,8.234,11.331,0.726679022,TreePL
200,  ,internal,79.431,78.061,1.017550377,TreePL
201,  ,internal,19.221,17.927,1.072181625,TreePL
202,  ,internal,21.188,20.16,1.050992063,TreePL
203,  ,internal,40.6,36.179,1.12219796,TreePL
204,  ,internal,42.483,38.643,1.099371167,TreePL
205,  ,internal,38.229,36.876,1.03669053,TreePL
206,  ,internal,50.879,50.903,0.999528515,TreePL
207,  ,internal,65.687,64.053,1.025510124,TreePL
208,  ,internal,81.712,82.642,0.988746642,TreePL
209,  ,internal,45.595,40.591,1.123278559,TreePL
210,  ,internal,47.069,42.851,1.098434109,TreePL
211,  ,internal,55.906,55.194,1.012899953,TreePL
212,  ,internal,58.53,58.53,1,TreePL
213,  ,internal,49.009,45.738,1.071516026,TreePL
214,  ,internal,69.591,67.603,1.029406979,TreePL
215,  ,internal,71.947,70.542,1.019917212,TreePL
216,  ,internal,85.985,86.92,0.989242982,TreePL
217,  ,internal,33.788,34.549,0.977973313,TreePL
218,  ,internal,49.143,49.436,0.994073145,TreePL
219,  ,internal,81.878,83.186,0.9842762,TreePL
220,  ,internal,87.881,89.041,0.986972294,TreePL
221,  ,internal,23.346,27.705,0.842663779,TreePL
222,  ,internal,89.533,90.124,0.993442368,TreePL
223,  ,internal,90.242,90.567,0.996411496,TreePL
224,  ,internal,23.855,28.151,0.847394409,TreePL
225,  ,internal,91.286,91.305,0.999791906,TreePL
226,  ,internal,0.412,0.58,0.710344828,TreePL
227,  ,internal,4.026,4.927,0.817130099,TreePL
228,  ,internal,7.628,11.185,0.681984801,TreePL
229,  ,internal,9.735,12.42,0.783816425,TreePL
230,  ,internal,31.478,30.894,1.018903347,TreePL
231,  ,internal,50.54,50.548,0.999841735,TreePL
232,  ,internal,59.061,57.962,1.018960698,TreePL
233,  ,internal,0.949,3.655,0.259644323,TreePL
234,  ,internal,25.135,22.589,1.112709726,TreePL
235,  ,internal,52.648,50.76,1.037194641,TreePL
236,  ,internal,65.204,61.598,1.058540862,TreePL
237,  ,internal,91.589,91.547,1.000458781,TreePL
238,  ,internal,91.746,91.749,0.999967302,TreePL
239,  ,internal,1.548,1.756,0.881548975,TreePL
240,  ,internal,2.936,2.858,1.027291812,TreePL
241,  ,internal,5.015,4.32,1.16087963,TreePL
242,  ,internal,5.636,4.744,1.188026981,TreePL
243,  ,internal,15.034,16.767,0.896642214,TreePL
244,  ,internal,25.424,32.13,0.791285403,TreePL
245,  ,internal,30.15,35.5,0.849295775,TreePL
246,  ,internal,51.975,51.976,0.99998076,TreePL
247,  ,internal,38.388,34.562,1.110699612,TreePL
248,  ,internal,39.171,35.57,1.101236997,TreePL
249,  ,internal,32.067,32.065,1.000062373,TreePL
250,  ,internal,52.086,51.152,1.018259306,TreePL
251,  ,internal,25.025,24.087,1.038942168,TreePL
252,  ,internal,52.671,51.983,1.013235096,TreePL
253,  ,internal,55.282,54.83,1.008243662,TreePL
254,  ,internal,57.059,55.971,1.019438638,TreePL
255,  ,internal,16.051,15.225,1.054252874,TreePL
256,  ,internal,16.932,16.479,1.027489532,TreePL
257,  ,internal,30.158,29.223,1.031995346,TreePL
258,  ,internal,14.894,12.872,1.157085146,TreePL
259,  ,internal,31.913,31.582,1.010480654,TreePL
260,  ,internal,34.437,33.911,1.015511191,TreePL
261,  ,internal,14.923,13.971,1.06814115,TreePL
262,  ,internal,60.552,60.538,1.00023126,TreePL
263,  ,internal,61.143,60.852,1.004782094,TreePL
264,  ,internal,64.251,62.355,1.030406543,TreePL
265,  ,internal,29.3,30.505,0.960498279,TreePL
266,  ,internal,62.31,62.31,1,TreePL
267,  ,internal,70.864,66.434,1.066682723,TreePL
268,  ,internal,50.32,50.323,0.999940385,TreePL
269,  ,internal,11.824,14.533,0.813596642,TreePL
270,  ,internal,63.007,67.875,0.928279926,TreePL
271,  ,internal,69.039,73.014,0.945558386,TreePL
272,  ,internal,74.712,77.161,0.968261168,TreePL
273,  ,internal,19.638,22.286,0.88118101,TreePL
274,  ,internal,73.822,74.205,0.994838623,TreePL
275,  ,internal,75.77,77.898,0.972682225,TreePL
276,  ,internal,21.88,21.65,1.010623557,TreePL
277,  ,internal,24.363,24.572,0.991494384,TreePL
278,  ,internal,76.749,78.298,0.980216608,TreePL
279,  ,internal,80.557,80.021,1.006698242,TreePL
280,  ,internal,3.576,5.016,0.71291866,TreePL
281,  ,internal,16.035,16.03,1.000311915,TreePL
282,  ,internal,18.205,17.927,1.015507335,TreePL
283,  ,internal,21.602,23.194,0.931361559,TreePL
284,  ,internal,2.428,3.073,0.790107387,TreePL
285,  ,internal,2.915,3.796,0.767913593,TreePL
286,  ,internal,19.251,17.044,1.129488383,TreePL
287,  ,internal,19.797,17.864,1.108206449,TreePL
288,  ,internal,23.449,24.597,0.953327642,TreePL
289,  ,internal,24.376,23.146,1.053140931,TreePL
290,  ,internal,28.074,27.701,1.013465218,TreePL
291,  ,internal,32.97,34.481,0.956178765,TreePL
292,  ,internal,57.004,56.985,1.000333421,TreePL
293,  ,internal,29.347,22.633,1.29664649,TreePL
294,  ,internal,35.654,34.62,1.029867129,TreePL
295,  ,internal,33.239,30.901,1.075660982,TreePL
296,  ,internal,40.583,39.412,1.029711763,TreePL
297,  ,internal,24.678,17.275,1.42853835,TreePL
298,  ,internal,27.657,26.77,1.033134105,TreePL
299,  ,internal,43.573,46.517,0.93671131,TreePL
300,  ,internal,59.606,60.613,0.983386402,TreePL
301,  ,internal,22.702,21.613,1.050386342,TreePL
302,  ,internal,21.961,18.263,1.2024859,TreePL
303,  ,internal,30.511,30.26,1.008294779,TreePL
304,  ,internal,9.915,10.919,0.908050188,TreePL
305,  ,internal,39.252,42.15,0.931245552,TreePL
306,  ,internal,46.809,50.389,0.928952748,TreePL
307,  ,internal,63.226,64.422,0.981434914,TreePL
308,  ,internal,17.131,15.479,1.106725241,TreePL
309,  ,internal,28.717,26.533,1.082312592,TreePL
310,  ,internal,55.471,52.236,1.061930469,TreePL
311,  ,internal,15.323,17.701,0.865657307,TreePL
312,  ,internal,48.823,46.458,1.050906195,TreePL
313,  ,internal,64.278,62.821,1.023192881,TreePL
314,  ,internal,79.049,77.936,1.014280948,TreePL
315,  ,internal,80.438,79.538,1.011315346,TreePL
316,  ,internal,81.749,80.953,1.009832866,TreePL
317,  ,internal,93.252,92.748,1.005434079,TreePL
318,  ,internal,32.66,29.216,1.117880613,TreePL
319,  ,internal,40.693,39.386,1.03318438,TreePL
320,  ,internal,6.548,10.648,0.614951165,TreePL
321,  ,internal,52.656,53.467,0.984831765,TreePL
322,  ,internal,48.842,47.468,1.028945816,TreePL
323,  ,internal,58.475,58.987,0.991320121,TreePL
324,  ,internal,16.113,16.751,0.961912722,TreePL
325,  ,internal,19.473,19.857,0.980661731,TreePL
326,  ,internal,77.431,77.405,1.000335896,TreePL
327,  ,internal,22.77,21.524,1.057888868,TreePL
328,  ,internal,33.728,33.935,0.993900103,TreePL
329,  ,internal,78.43,78.43,1,TreePL
330,  ,internal,20.363,17.191,1.184515153,TreePL
331,  ,internal,29.251,28.159,1.038779786,TreePL
332,  ,internal,28.119,26.822,1.048355827,TreePL
333,  ,internal,30.057,28.847,1.041945436,TreePL
334,  ,internal,18.836,18.06,1.042967885,TreePL
335,  ,internal,20.756,20.311,1.02190931,TreePL
336,  ,internal,76.793,74.67,1.028431766,TreePL
337,  ,internal,82.657,78.534,1.052499554,TreePL
338,  ,internal,85.437,80.648,1.05938151,TreePL
339,  ,internal,93.84,93.077,1.008197514,TreePL
340,  ,internal,13.181,14.139,0.932244147,TreePL
341,  ,internal,48.46,48.46,1,TreePL
342,  ,internal,94.478,93.635,1.009003044,TreePL
343,  ,internal,1.065,2.186,0.487191217,TreePL
344,  ,internal,7.819,8.444,0.925982946,TreePL
345,  ,internal,9.21,9.844,0.935595286,TreePL
346,  ,internal,25.231,25.232,0.999960368,TreePL
347,  ,internal,58.261,54.796,1.063234543,TreePL
348,  ,internal,65.124,61.933,1.05152342,TreePL
349,  ,internal,23.129,20.293,1.139752624,TreePL
350,  ,internal,25.182,22.226,1.13299739,TreePL
351,  ,internal,35.496,31.641,1.121835593,TreePL
352,  ,internal,37.24,33.357,1.116407351,TreePL
353,  ,internal,8.515,7.511,1.133670616,TreePL
354,  ,internal,19.829,18.094,1.09588814,TreePL
355,  ,internal,46.181,41.664,1.108414939,TreePL
356,  ,internal,47.717,43.188,1.104867093,TreePL
357,  ,internal,61.634,61.61,1.000389547,TreePL
358,  ,internal,66.049,66.028,1.000318047,TreePL
359,  ,internal,75.6,75.6,1,TreePL
360,  ,internal,112.667,109.873,1.025429359,TreePL
361,  ,internal,141.282,135.053,1.046122633,TreePL